	날짜	종가	전일비	시가	고가	저가	거래량
0	2018.06.01	12995	50	12985	12995	12945	14205
1	2018.05.31	13045	100	12980	13045	12980	21755
2	2018.05.30	12945	100	12885	12945	12845	122716
3	2018.05.29	13045	50	13050	13050	13045	401
4	2018.05.28	13095	10	13080	13100	13000	74671
5	2018.05.25	13085	25	13035	13105	13035	9658
6	2018.05.24	13060	25	13020	13070	13020	142544
7	2018.05.23	13035	30	13060	13060	13010	10231
8	2018.05.21	13065	15	13050	13080	13030	26371
9	2018.05.18	13050	15	13035	13055	13005	3092
10	2018.05.17	13035	70	13040	13055	13005	3210
11	2018.05.16	12965	65	12925	12985	12925	5400
12	2018.05.15	13030	80	13065	13065	12990	4111
13	2018.05.14	13110	90	13100	13120	13065	6967
14	2018.05.11	13020	85	13035	13055	12985	14191
15	2018.05.10	12935	145	12865	12935	12865	3280
16	2018.05.09	12790	10	12735	12795	12730	6207
17	2018.05.08	12780	190	12730	12790	12730	4563
18	2018.05.04	12590	10	12585	12620	12550	14278
19	2018.05.03	12600	100	12585	12600	12560	4734
20	2018.05.02	12700	105	12715	12715	12645	13553
21	2018.04.30	12805	20	12785	12805	12785	11239
22	2018.04.27	12785	135	12710	12790	12710	8385
23	2018.04.26	12650	55	12640	12705	12635	12966
24	2018.04.25	12595	185	12625	12635	12570	1658
25	2018.04.24	12780	25	12745	12800	12745	414
26	2018.04.23	12805	75	12820	12835	12780	4693
27	2018.04.20	12880	85	12890	12900	12845	2872
28	2018.04.19	12965	25	12945	12995	12945	3681
29	2018.04.18	12940	75	12920	12975	12920	372
30	2018.04.17	12865	100	12820	12865	12800	1160
31	2018.04.16	12765	15	12750	12795	12720	7761
32	2018.04.13	12750	95	12675	12750	12675	12076
33	2018.04.12	12655	15	12670	12690	12620	3738
34	2018.04.11	12640	35	12665	12665	12610	362
35	2018.04.10	12675	105	12515	12710	12510	611
36	2018.04.09	12570	70	12550	12675	12480	304535
37	2018.04.06	12640	85	12620	12650	12565	2129
38	2018.04.05	12725	300	12695	12745	12645	5180
39	2018.04.04	12425	70	12470	12475	12425	3635
40	2018.04.03	12355	245	12360	12385	12350	9700
41	2018.04.02	12600	20	12610	12620	12580	51096
42	2018.03.30	12620	130	12580	12670	12580	14137
43	2018.03.29	12490	15	12445	12495	12445	253257
44	2018.03.28	12505	265	12500	12530	12450	9290
45	2018.03.27	12770	245	12700	12775	12700	2243
46	2018.03.26	12525	55	12455	12540	12455	12864
47	2018.03.23	12580	440	12585	12615	12530	12500
48	2018.03.22	13020	25	13015	13035	12995	3289
49	2018.03.21	12995	60	13020	13025	12995	4443
50	2018.03.20	13055	90	13010	13055	12975	460310
51	2018.03.19	13145	40	13175	13175	13100	1406
52	2018.03.16	13185	15	13200	13200	13150	7679
53	2018.03.15	13200	30	13190	13210	13135	2404
54	2018.03.14	13230	80	13200	13230	13200	552
55	2018.03.13	13310	105	13295	13340	13295	1765
56	2018.03.12	13415	315	13380	13415	13345	10150
57	2018.03.09	13100	45	13100	13130	13085	856
58	2018.03.08	13055	185	13010	13065	13005	1887
59	2018.03.07	12870	160	12890	12945	12855	4342
60	2018.03.06	13030	215	13030	13040	12995	4324
61	2018.03.05	12815	25	12840	12880	12795	10493
62	2018.03.02	12840	285	12850	12850	12775	18323
63	2018.02.28	13125	190	13200	13200	13110	6163
64	2018.02.27	13315	115	13350	13350	13310	4008
65	2018.02.26	13200	165	13150	13200	13115	13038
66	2018.02.23	13035	125	12975	13060	12975	1605
67	2018.02.22	12910	90	12905	12910	12845	6602
68	2018.02.21	13000	70	13035	13045	12950	1278
69	2018.02.20	13070	95	13095	13105	13050	9682
70	2018.02.19	13165	410	13100	13170	13100	4200
71	2018.02.14	12755	65	12780	12780	12740	745
72	2018.02.13	12690	50	12720	12750	12655	35378
73	2018.02.12	12640	150	12590	12650	12590	43141
74	2018.02.09	12490	330	12400	12520	12375	5997
75	2018.02.08	12820	65	12670	12820	12670	11394
76	2018.02.07	12755	340	12875	12905	12755	142381
77	2018.02.06	12415	800	12585	12630	12150	161870
78	2018.02.05	13215	325	13135	13220	13135	4320
79	2018.02.02	13540	80	13590	13590	13495	3339
80	2018.02.01	13620	45	13610	13630	13575	4989
81	2018.01.31	13575	60	13525	13615	13525	7106
82	2018.01.30	13635	145	13740	13740	13600	55435
83	2018.01.29	13780	125	13825	13830	13780	6555
84	2018.01.26	13655	10	13625	13675	13625	1956
85	2018.01.25	13645	5	13635	13650	13610	1123
86	2018.01.24	13640	20	13640	13650	13615	4872
87	2018.01.23	13620	135	13615	13645	13585	53518
88	2018.01.22	13485	60	13480	13485	13450	21101
89	2018.01.19	13425	45	13470	13470	13410	2008
90	2018.01.18	13470	90	13445	13485	13440	26166
91	2018.01.17	13380	30	13370	13385	13335	5180
92	2018.01.16	13410	20	13420	13435	13380	13507
93	2018.01.15	13430	120	13440	13440	13395	21502
94	2018.01.12	13310	85	13265	13310	13260	3053
95	2018.01.11	13225	10	13210	13235	13190	2044
96	2018.01.10	13215	45	13225	13225	13175	4959
97	2018.01.09	13170	20	13190	13205	13165	13373
98	2018.01.08	13190	85	13195	13195	13170	5150
99	2018.01.05	13105	85	13105	13105	13070	9854
100	2018.01.04	13020	80	13025	13035	13005	2820
101	2018.01.03	12940	85	12945	12950	12940	4645
102	2018.01.02	12855	50	12840	12880	12825	51656
103	2017.12.28	12905	5	12865	12910	12865	278
104	2017.12.27	12900	0	12900	12900	12875	218
105	2017.12.26	12900	25	12915	12915	12860	22553
106	2017.12.22	12925	75	12920	12925	12880	1195
107	2017.12.21	12850	75	12880	12890	12850	2190
108	2017.12.20	12925	15	12870	12925	12870	1330
109	2017.12.19	12940	25	12915	12945	12905	6968
110	2017.12.18	12915	140	12865	12915	12865	1732
111	2017.12.15	12775	5	12750	12775	12715	7468
112	2017.12.14	12780	20	12795	12795	12780	956
113	2017.12.13	12760	45	12805	12805	12740	1590
114	2017.12.12	12805	85	12770	12810	12770	1673
115	2017.12.11	12720	10	12730	12765	12715	2203
116	2017.12.08	12730	60	12715	12730	12630	583
117	2017.12.07	12670	50	12620	12675	12620	1398
118	2017.12.06	12620	115	12655	12655	12590	98
119	2017.12.05	12735	45	12710	12740	12675	1263
120	2017.12.04	12780	80	12785	12790	12745	4508
121	2017.12.01	12700	80	12700	12705	12670	38008
122	2017.11.30	12620	35	12575	12625	12575	18740
123	2017.11.29	12585	90	12580	12615	12575	1757
124	2017.11.28	12495	10	12485	12495	12455	257
125	2017.11.27	12485	5	12505	12505	12450	3002
126	2017.11.24	12490	20	12485	12495	12440	1052
127	2017.11.23	12470	15	12475	12475	12470	1680
128	2017.11.22	12485	80	12435	12485	12435	169
129	2017.11.21	12405	60	12405	12415	12365	491
130	2017.11.20	12345	70	12380	12385	12315	3142
131	2017.11.17	12415	85	12430	12430	12375	1156
132	2017.11.16	12330	30	12345	12370	12315	887
133	2017.11.15	12360	5	12380	12380	12315	283
134	2017.11.14	12355	45	12400	12400	12355	177
135	2017.11.13	12400	15	12415	12425	12365	3576
136	2017.11.10	12415	45	12420	12435	12380	569
137	2017.11.09	12460	45	12455	12460	12455	1029
138	2017.11.08	12415	20	12405	12420	12405	1456
139	2017.11.07	12435	65	12440	12440	12435	39
140	2017.11.06	12370	25	12425	12425	12355	25362
141	2017.11.03	12395	40	12395	12395	12350	3431
142	2017.11.02	12355	40	12375	12375	12315	107
143	2017.11.01	12395	50	12375	12395	12375	7068
144	2017.10.31	12345	30	12340	12350	12325	185
145	2017.10.30	12375	55	12370	12380	12335	2166
146	2017.10.27	12320	25	12310	12320	12265	2752
147	2017.10.26	12295	25	12295	12300	12285	685
148	2017.10.25	12320	10	12325	12325	12285	135
149	2017.10.24	12310	60	12325	12330	12290	241
150	2017.10.23	12370	35	12380	12380	12365	1181
151	2017.10.20	12335	40	12305	12345	12305	212
152	2017.10.19	12295	5	12300	12300	12285	759
153	2017.10.18	12290	40	12290	12290	12285	472
154	2017.10.17	12250	30	12280	12285	12250	749
155	2017.10.16	12280	20	12275	12280	12235	2827
156	2017.10.13	12260	15	12260	12265	12205	6289
157	2017.10.12	12275	70	12225	12290	12225	2227
158	2017.10.11	12205	45	12255	12255	12205	232
159	2017.10.10	12250	210	12190	12250	12190	11391
160	2017.09.29	12040	5	12040	12045	12000	3030
161	2017.09.28	12035	50	12025	12040	12025	1479
162	2017.09.27	11985	35	11990	11990	11985	1005
163	2017.09.26	11950	50	11995	11995	11950	217
164	2017.09.25	12000	10	12030	12030	12000	2325
165	2017.09.22	11990	35	12035	12035	11975	421
166	2017.09.21	12025	10	12040	12040	12000	78036
167	2017.09.20	12035	25	12030	12035	12015	291
168	2017.09.19	12010	25	12030	12035	11990	116
169	2017.09.18	12035	105	11980	12035	11980	1519
170	2017.09.15	11930	45	11955	11975	11930	147
171	2017.09.14	11975	45	11975	11975	11940	538
172	2017.09.13	11930	20	11985	11985	11930	75
173	2017.09.12	11950	110	11950	11950	11905	313
174	2017.09.11	11840	15	11860	11880	11840	1340
175	2017.09.08	11825	0	11835	11840	11820	565
176	2017.09.07	11825	25	11825	11830	11795	1675
177	2017.09.06	11800	25	11810	11815	11770	146
178	2017.09.05	11825	5	11865	11865	11820	752
179	2017.09.04	11830	35	11840	11845	11795	1144
180	2017.09.01	11865	65	11870	11870	11825	567
181	2017.08.31	11800	20	11795	11800	11760	132
182	2017.08.30	11780	145	11755	11780	11715	321
183	2017.08.29	11635	75	11680	11680	11630	1742
184	2017.08.28	11710	15	11720	11720	11705	562
185	2017.08.25	11695	20	11750	11750	11680	627
186	2017.08.24	11715	45	11635	11725	11635	925
187	2017.08.23	11760	85	11780	11780	11730	607
188	2017.08.22	11675	50	11675	11680	11675	58
189	2017.08.21	11625	45	11665	11665	11625	661
190	2017.08.18	11670	165	11650	11680	11640	4798
191	2017.08.17	11835	40	11800	11835	11790	115
192	2017.08.16	11795	40	11825	11825	11785	1683
193	2017.08.14	11755	55	11745	11755	11745	3699
194	2017.08.11	11700	150	11695	11705	11660	829
195	2017.08.10	11850	15	11870	11870	11815	1185
196	2017.08.09	11835	50	11850	11850	11835	25
197	2017.08.08	11885	5	11895	11895	11885	356
198	2017.08.07	11890	25	11875	11895	11875	1201
199	2017.08.04	11865	0	11850	11865	11850	1379
200	2017.08.03	11865	20	11870	11870	11860	228
201	2017.08.02	11845	0	11875	11875	11845	91
202	2017.08.01	11845	5	11845	11845	11845	2
203	2017.07.31	11850	55	11810	11850	11810	1458
204	2017.07.28	11795	105	11855	11855	11795	3053
205	2017.07.27	11900	45	11855	11905	11855	2385
206	2017.07.26	11855	5	11855	11855	11855	2
207	2017.07.25	11850	15	11850	11855	11810	81
208	2017.07.24	11835	20	11850	11850	11835	5025
209	2017.07.21	11855	0	11860	11860	11855	237
210	2017.07.20	11855	55	11855	11855	11810	53
211	2017.07.19	11800	5	11795	11805	11795	43
212	2017.07.18	11795	5	11800	11800	11760	52
213	2017.07.17	11790	50	11795	11795	11785	1554
214	2017.07.14	11740	55	11765	11765	11705	480
215	2017.07.13	11685	45	11750	11750	11685	4141
216	2017.07.12	11640	10	11640	11640	11640	184
217	2017.07.11	11630	25	11630	11630	11630	2
218	2017.07.10	11655	80	11650	11660	11620	493
219	2017.07.07	11575	70	11570	11575	11530	260
220	2017.07.06	11645	5	11660	11660	11645	530
221	2017.07.05	11640	0	11635	11650	11625	308
222	2017.07.04	11640	5	11650	11650	11640	4
223	2017.07.03	11645	30	11635	11645	11595	7512
224	2017.06.30	11615	110	11615	11615	11580	1611
225	2017.06.29	11725	125	11725	11730	11685	206
226	2017.06.28	11600	90	11605	11610	11565	226
227	2017.06.27	11690	10	11660	11690	11660	1016
228	2017.06.26	11700	10	11680	11700	11680	893
229	2017.06.23	11690	10	11680	11690	11675	256229
230	2017.06.22	11680	40	11665	11680	11665	84
231	2017.06.21	11640	115	11695	11695	11640	243
232	2017.06.20	11755	60	11755	11760	11755	137
233	2017.06.19	11695	15	11680	11700	11680	899
234	2017.06.16	11680	10	11705	11705	11625	1018
235	2017.06.15	11670	0	11630	11675	11630	128
236	2017.06.14	11670	5	11705	11705	11670	38
237	2017.06.13	11665	20	11615	11665	11615	171
238	2017.06.12	11645	30	11650	11650	11645	1423
239	2017.06.09	11675	10	11640	11680	11640	87
240	2017.06.08	11665	5	11665	11665	11660	256063
241	2017.06.07	11660	20	11660	11670	11625	643
242	2017.06.05	11680	5	11675	11685	11640	78
243	2017.06.02	11685	150	11655	11685	11625	1737
244	2017.06.01	11535	30	11565	11575	11535	1311
245	2017.05.31	11565	15	11565	11565	11525	47
246	2017.05.30	11580	5	11580	11580	11540	105
247	2017.05.29	11575	45	11580	11580	11575	811
248	2017.05.26	11530	35	11570	11570	11520	3011
249	2017.05.25	11565	110	11530	11565	11510	350
250	2017.05.24	11455	10	11495	11495	11450	106
251	2017.05.23	11465	30	11455	11465	11420	75
252	2017.05.22	11435	100	11425	11440	11385	1553
253	2017.05.19	11335	15	11345	11345	11335	68
254	2017.05.18	11350	80	11290	11355	11290	1168
255	2017.05.17	11430	70	11450	11450	11420	266604
256	2017.05.16	11500	25	11510	11510	11500	100
257	2017.05.15	11475	25	11460	11475	11460	4676
258	2017.05.12	11450	30	11465	11465	11410	2055
259	2017.05.11	11480	20	11485	11485	11480	10
260	2017.05.10	11460	20	11450	11460	11450	112
261	2017.05.08	11480	40	11490	11490	11450	2670
262	2017.05.04	11440	0	11465	11465	11405	5595
263	2017.05.02	11440	0	11450	11450	11400	11388
264	2017.04.28	11440	15	11440	11440	11440	83
265	2017.04.27	11425	10	11425	11425	11385	72
266	2017.04.26	11435	75	11425	11435	11390	1173
267	2017.04.25	11360	25	11355	11360	11320	45
268	2017.04.24	11335	75	11350	11350	11305	345
269	2017.04.21	11260	55	11290	11290	11250	76
270	2017.04.20	11205	25	11205	11205	11200	32
271	2017.04.19	11230	20	11225	11230	11190	10259
272	2017.04.18	11250	105	11250	11250	11245	355
273	2017.04.17	11145	35	11155	11155	11145	23
274	2017.04.14	11110	110	11160	11160	11105	97
275	2017.04.13	11220	0	11230	11235	11175	266195
276	2017.04.12	11220	60	11275	11275	11220	1593
277	2017.04.11	11280	15	11285	11285	11280	102
278	2017.04.10	11265	45	11285	11285	11260	82
279	2017.04.07	11220	0	11290	11290	11205	3750
280	2017.04.06	11220	35	11240	11240	11195	3374
281	2017.04.05	11255	35	11315	11315	11255	95
282	2017.04.04	11290	25	11295	11295	11280	21
283	2017.04.03	11315	15	11315	11320	11265	3384
284	2017.03.31	11330	20	11335	11335	11330	16
285	2017.03.30	11310	25	11305	11310	11275	9038
286	2017.03.29	11285	60	11285	11285	11275	32
287	2017.03.28	11225	60	11220	11225	11220	35
288	2017.03.27	11165	85	11180	11180	11160	1007
289	2017.03.24	11250	30	11240	11260	11240	20025
290	2017.03.23	11220	20	11250	11250	11215	1851
291	2017.03.22	11200	170	11220	11220	11170	12790
292	2017.03.21	11370	30	11370	11370	11335	217
293	2017.03.20	11340	50	11390	11390	11340	23
294	2017.03.17	11390	10	11405	11410	11365	4459
295	2017.03.16	11400	65	11425	11425	11385	56
296	2017.03.15	11335	35	11335	11335	11335	70
297	2017.03.14	11370	50	11370	11370	11370	12
298	2017.03.13	11320	50	11345	11355	11305	1963
299	2017.03.10	11370	40	11355	11370	11345	82
300	2017.03.09	11330	15	11335	11335	11325	557
301	2017.03.08	11315	75	11325	11325	11310	571
302	2017.03.07	11390	15	11375	11390	11340	2682
303	2017.03.06	11375	5	11365	11380	11360	924
304	2017.03.03	11380	80	11405	11405	11340	1001
305	2017.03.02	11460	110	11465	11470	11450	435
306	2017.02.28	11350	15	11335	11350	11335	13
307	2017.02.27	11335	30	11340	11350	11300	189
308	2017.02.24	11305	10	11315	11315	11305	155
309	2017.02.23	11315	0	11320	11320	11275	365
310	2017.02.22	11315	40	11315	11315	11305	39
311	2017.02.21	11275	5	11285	11285	11240	1811
312	2017.02.20	11280	65	11245	11280	11210	1835
313	2017.02.17	11215	35	11230	11230	11190	71
314	2017.02.16	11250	50	11260	11260	11215	526
315	2017.02.15	11200	55	11190	11200	11190	996
316	2017.02.14	11145	85	11155	11155	11105	5013
317	2017.02.13	11060	5	11065	11100	11060	4051
318	2017.02.10	11065	95	11050	11065	11020	20
319	2017.02.09	10970	10	10985	10985	10940	2311
320	2017.02.08	10960	5	10965	10970	10960	815
321	2017.02.07	10965	25	10970	10970	10930	113
322	2017.02.06	10990	100	10980	10990	10935	3944
323	2017.02.03	10890	30	10905	10905	10890	2
324	2017.02.02	10860	45	10895	10895	10855	405
325	2017.02.01	10905	25	10910	10910	10905	1001
326	2017.01.31	10880	130	10910	10910	10855	751
327	2017.01.26	11010	95	10995	11010	10995	14912
328	2017.01.25	10915	95	10885	10915	10885	1874
329	2017.01.24	10820	10	10850	10850	10820	943
330	2017.01.23	10810	35	10835	10835	10800	1010
331	2017.01.20	10845	20	10845	10850	10845	442
332	2017.01.19	10865	40	10865	10865	10805	815835
333	2017.01.18	10825	35	10840	10850	10825	6120
334	2017.01.17	10860	35	10860	10860	10815	8763
335	2017.01.16	10895	35	10895	10895	10895	1
336	2017.01.13	10860	5	10860	10860	10825	60003
337	2017.01.12	10855	5	10885	10885	10835	89024
338	2017.01.11	10850	10	10860	10860	10850	97
339	2017.01.10	10840	60	10850	10850	10800	335
340	2017.01.09	10900	50	10895	10900	10855	199
341	2017.01.06	10850	5	10850	10850	10810	486
342	2017.01.05	10845	40	10850	10850	10805	96
343	2017.01.04	10805	55	10795	10805	10790	70
344	2017.01.03	10750	35	10750	10750	10745	12
345	2017.01.02	10715	40	10715	10715	10710	251
346	2016.12.29	10755	95	10765	10765	10755	402
347	2016.12.28	10850	20	10845	10850	10805	8997
348	2016.12.27	10830	45	10830	10830	10830	1
349	2016.12.26	10785	30	10855	10860	10785	102
350	2016.12.23	10815	5	10820	10820	10815	21
351	2016.12.22	10810	55	10825	10825	10810	132
352	2016.12.21	10865	75	10860	10865	10860	11
353	2016.12.20	10790	30	10830	10830	10790	2
354	2016.12.19	10820	0	10820	10820	10820	2
355	2016.12.16	10820	50	10830	10830	10820	383
356	2016.12.15	10770	100	10800	10805	10750	136243
357	2016.12.14	10870	70	10870	10870	10855	110
358	2016.12.13	10800	50	10795	10800	10750	2168
359	2016.12.12	10750	5	10850	10850	10750	1043
360	2016.12.09	10745	50	10740	10745	10740	132
361	2016.12.08	10695	130	10655	10695	10655	43
362	2016.12.07	10565	35	10570	10570	10560	8
363	2016.12.06	10530	120	10540	10540	10530	11
364	2016.12.05	10410	50	10435	10435	10410	31
365	2016.12.02	10460	55	10490	10490	10455	3012
366	2016.12.01	10515	15	10520	10520	10515	25
367	2016.11.30	10530	50	10535	10535	10520	3548
368	2016.11.29	10480	55	10520	10520	10480	2117
369	2016.11.28	10535	0	10540	10560	10535	4953
370	2016.11.25	10535	35	10500	10545	10500	2649
371	2016.11.24	10500	15	10510	10510	10470	5984
372	2016.11.23	10515	35	10500	10525	10500	90
373	2016.11.22	10480	50	10480	10480	10480	0
374	2016.11.21	10430	50	10385	10440	10385	6331
375	2016.11.18	10380	0	10380	10380	10380	2
376	2016.11.17	10380	20	10380	10380	10380	0
377	2016.11.16	10400	95	10380	10430	10380	50
378	2016.11.15	10305	80	10305	10305	10305	1
379	2016.11.14	10385	70	10325	10385	10325	32
380	2016.11.11	10315	5	10320	10320	10290	1751
381	2016.11.10	10320	525	10275	10320	10275	501
382	2016.11.09	9795	370	10190	10270	9700	55733
383	2016.11.08	10165	100	10155	10165	10120	415
384	2016.11.07	10065	90	10065	10070	10055	3501
385	2016.11.04	9975	40	9975	9980	9975	11996
386	2016.11.03	10015	5	10015	10015	10015	1
387	2016.11.02	10010	140	10030	10030	10010	4
388	2016.11.01	10150	0	10150	10150	10150	0
389	2016.10.31	10150	5	10135	10150	10135	5
390	2016.10.28	10155	30	10165	10165	10155	1500
391	2016.10.27	10185	5	10185	10185	10185	0
392	2016.10.26	10190	20	10195	10195	10190	59
393	2016.10.25	10210	30	10210	10210	10210	1
394	2016.10.24	10180	30	10170	10205	10160	3415
395	2016.10.21	10150	75	10160	10165	10145	3000
396	2016.10.20	10225	30	10230	10245	10180	8055
397	2016.10.19	10195	45	10150	10210	10150	7011
398	2016.10.18	10150	25	10145	10170	10145	5
399	2016.10.17	10125	0	10125	10125	10125	1
400	2016.10.14	10125	30	10125	10125	10125	0
401	2016.10.13	10095	115	10120	10130	10095	38
402	2016.10.12	10210	80	10210	10210	10210	1
403	2016.10.11	10290	20	10290	10290	10290	1000
404	2016.10.10	10270	20	10285	10285	10270	171
405	2016.10.07	10250	0	10250	10250	10250	0
406	2016.10.06	10250	5	10250	10250	10250	98
407	2016.10.05	10245	20	10245	10245	10245	0
408	2016.10.04	10265	70	10265	10265	10265	0
409	2016.09.30	10195	115	10195	10195	10195	13881
410	2016.09.29	10310	40	10300	10310	10300	74
411	2016.09.28	10270	10	10270	10270	10270	0
412	2016.09.27	10280	10	10280	10280	10280	0
413	2016.09.26	10290	30	10310	10310	10290	178
414	2016.09.23	10320	20	10320	10320	10320	55
415	2016.09.22	10300	110	10300	10300	10300	1
416	2016.09.21	10190	20	10190	10190	10190	1
417	2016.09.20	10210	10	10210	10210	10205	301
418	2016.09.19	10220	30	10240	10265	10220	12004
419	2016.09.13	10250	160	10240	10250	10240	2
420	2016.09.12	10090	300	10070	10090	10070	89
421	2016.09.09	10390	30	10390	10390	10390	1
422	2016.09.08	10420	40	10380	10420	10380	52
423	2016.09.07	10380	10	10380	10380	10380	1
424	2016.09.06	10370	0	10370	10370	10370	0
425	2016.09.05	10370	105	10370	10370	10370	0
426	2016.09.02	10265	85	10330	10340	10265	400089
427	2016.09.01	10350	15	10300	10350	10300	2748
428	2016.08.31	10365	5	10330	10365	10310	409049
429	2016.08.30	10360	70	10360	10360	10360	1
430	2016.08.29	10290	70	10320	10330	10290	604
431	2016.08.26	10360	5	10365	10365	10360	153
432	2016.08.25	10365	45	10365	10365	10365	0
433	2016.08.24	10410	0	10410	10410	10410	1
434	2016.08.23	10410	70	10360	10410	10360	4
435	2016.08.22	10340	30	10365	10370	10340	26
436	2016.08.19	10370	5	10370	10370	10370	0
437	2016.08.18	10365	20	10395	10395	10365	10
438	2016.08.17	10345	25	10370	10390	10345	125
439	2016.08.16	10370	5	10370	10370	10370	1
440	2016.08.12	10365	15	10360	10395	10360	4
441	2016.08.11	10350	15	10305	10350	10305	402
442	2016.08.10	10365	15	10365	10365	10365	2
443	2016.08.09	10350	25	10365	10365	10330	104
444	2016.08.08	10375	90	10340	10375	10340	5373
445	2016.08.05	10285	0	10285	10285	10285	0
446	2016.08.04	10285	65	10285	10285	10285	1
447	2016.08.03	10220	90	10265	10265	10220	50074
448	2016.08.02	10310	45	10310	10325	9860	263118
449	2016.08.01	10355	60	10355	10355	10355	6
450	2016.07.29	10295	5	10290	10295	10250	40036
451	2016.07.28	10290	5	10295	10300	10290	23053
452	2016.07.27	10295	10	10300	10320	10295	136
453	2016.07.26	10305	10	10285	10325	10285	8851
454	2016.07.25	10295	5	10300	10335	10295	52
455	2016.07.22	10290	20	10290	10290	10290	100
456	2016.07.21	10310	55	10335	10335	10310	146
457	2016.07.20	10255	0	10255	10255	10255	0
458	2016.07.19	10255	5	10250	10270	10250	226
459	2016.07.18	10260	25	10260	10260	10260	0
460	2016.07.15	10235	30	10270	10270	10235	219
461	2016.07.14	10205	25	10220	10220	10205	20
462	2016.07.13	10230	90	10230	10230	10230	49
463	2016.07.12	10140	20	10130	10150	10130	23
464	2016.07.11	10120	160	10085	10140	10085	38
465	2016.07.08	9960	20	10005	10005	9960	9
466	2016.07.07	9940	80	9935	9965	9935	190
467	2016.07.06	9860	110	9840	9860	9840	111
468	2016.07.05	9970	10	9970	9970	9970	30
469	2016.07.04	9960	10	9950	9975	9950	3599
470	2016.07.01	9950	110	9910	9950	9910	101
471	2016.06.30	9840	130	9835	9875	9835	152
472	2016.06.29	9710	155	9675	9710	9675	36
473	2016.06.28	9555	65	9600	9605	9290	20164
474	2016.06.27	9620	10	9655	9655	9620	10528
475	2016.06.24	9630	355	9900	9935	9585	350713
476	2016.06.23	9985	85	10020	10020	9985	7
477	2016.06.22	9900	40	9980	9980	9900	151
478	2016.06.21	9940	15	9975	9975	9940	60
479	2016.06.20	9925	55	9980	9980	9920	4634
480	2016.06.17	9870	45	9875	9900	9870	4620
481	2016.06.16	9825	100	9915	9915	9825	17
482	2016.06.15	9925	30	9915	9925	9915	3
483	2016.06.14	9895	65	9895	9895	9895	1
484	2016.06.13	9960	110	9960	9960	9960	5
485	2016.06.10	10070	15	10070	10070	10070	32
486	2016.06.09	10085	35	10050	10085	10050	116
487	2016.06.08	10050	45	10000	10050	10000	179
488	2016.06.07	10005	25	10045	10045	10000	306
489	2016.06.03	9980	55	9980	9990	9980	16
490	2016.06.02	9925	0	9920	9975	9920	411
491	2016.06.01	9925	2975	9990	9990	9910	18548
492	2016.05.31	12900	2975	12900	12900	12900	4
493	2016.05.30	9925	45	9925	9925	9925	1
494	2016.05.27	9880	30	9880	9880	9880	0
495	2016.05.26	9850	10	9850	9850	9850	0
496	2016.05.25	9840	125	9840	9840	9840	169
497	2016.05.24	9715	0	9715	9715	9715	0
498	2016.05.23	9715	0	9715	9715	9715	0
499	2016.05.20	9715	70	9740	9740	9665	25
500	2016.05.19	9645	55	9645	9645	9645	1
501	2016.05.18	9700	130	9660	9700	9660	107
502	2016.05.17	9830	125	9830	9830	9830	100
503	2016.05.16	9705	60	9735	9735	9705	650
504	2016.05.13	9765	35	9780	9780	9765	3
505	2016.05.12	9800	60	9770	9800	9770	354
506	2016.05.11	9860	50	10090	10090	9850	377
507	2016.05.10	9810	5	9725	9810	9725	286
508	2016.05.09	9805	15	9805	9805	9805	10
509	2016.05.04	9820	95	9820	9820	9820	0
510	2016.05.03	9915	175	9920	9920	9915	372
511	2016.05.02	9740	165	9740	9770	9740	84
512	2016.04.29	9905	0	9905	9905	9905	0
513	2016.04.28	9905	0	9905	9905	9905	0
514	2016.04.27	9905	20	9950	9950	9905	21
515	2016.04.26	9925	20	9900	9925	9900	725
516	2016.04.25	9945	0	9945	9945	9945	0
517	2016.04.22	9945	55	9925	9945	9920	674
518	2016.04.21	10000	75	9925	10000	9925	621
519	2016.04.20	9925	25	9900	9925	9885	68
520	2016.04.19	9900	70	9870	9940	9870	72
521	2016.04.18	9830	25	9830	9830	9830	0
522	2016.04.15	9855	0	9855	9855	9855	0
523	2016.04.14	9855	160	9830	9855	9830	89
524	2016.04.12	9695	15	9695	9695	9695	0
525	2016.04.11	9710	20	9710	9710	9710	1
526	2016.04.08	9690	65	9690	9690	9690	0
527	2016.04.07	9755	25	9755	9755	9755	0
528	2016.04.06	9730	50	9730	9730	9730	0
529	2016.04.05	9780	75	9790	9790	9780	11
530	2016.04.04	9855	170	9845	9855	9820	16
531	2016.04.01	9685	110	9795	9795	9680	80
532	2016.03.31	9795	85	9795	9795	9795	50
533	2016.03.30	9710	10	9785	9785	9570	94991
534	2016.03.29	9700	60	9700	9700	9700	1
535	2016.03.28	9640	0	9640	9675	9640	299
536	2016.03.25	9640	0	9640	9640	9640	0
537	2016.03.24	9640	45	9660	9660	9635	70
538	2016.03.23	9685	15	9665	9730	9665	134094
539	2016.03.22	9670	30	9670	9670	9670	0
540	2016.03.21	9640	15	9655	9655	9640	5209
541	2016.03.18	9655	15	9625	9655	9625	2
542	2016.03.17	9640	65	9580	9640	9580	16
543	2016.03.16	9575	5	9570	9575	9570	100
544	2016.03.15	9580	50	9580	9580	9580	2
545	2016.03.14	9530	125	9525	9545	9520	75
546	2016.03.11	9405	20	9405	9405	9405	10
547	2016.03.10	9425	0	9425	9425	9425	0
548	2016.03.09	9425	25	9425	9425	9425	1
549	2016.03.08	9400	30	9400	9400	9400	50
550	2016.03.07	9430	40	9410	9430	9410	10
551	2016.03.04	9390	10	9390	9425	9390	26
552	2016.03.03	9380	5	9380	9380	9380	500
553	2016.03.02	9385	190	9320	9395	9320	1765
554	2016.02.29	9195	40	9165	9195	9165	56
555	2016.02.26	9235	75	9185	9285	9185	102590
556	2016.02.25	9160	60	9195	9195	9160	21
557	2016.02.24	9100	40	9100	9100	9100	0
558	2016.02.23	9140	35	9205	9205	9140	20
559	2016.02.22	9105	0	9105	9105	9105	0
560	2016.02.19	9105	10	9105	9105	9105	64
561	2016.02.18	9095	145	9095	9095	9095	107
562	2016.02.17	8950	20	8985	8985	8950	12
563	2016.02.16	8970	110	8895	8970	8895	19
564	2016.02.15	8860	165	8835	8865	8835	10
565	2016.02.12	8695	55	8735	8735	8695	4
566	2016.02.11	8750	280	8775	8775	8695	266
567	2016.02.05	9030	60	9080	9080	9030	21
568	2016.02.04	9090	120	9085	9090	9040	12
569	2016.02.03	8970	165	8990	8990	8970	3
570	2016.02.02	9135	5	9155	9155	9110	205
571	2016.02.01	9130	190	9185	9185	9130	8
572	2016.01.29	8940	70	8955	8955	8900	5013
573	2016.01.28	8870	70	8910	8915	8870	15
574	2016.01.27	8940	100	8905	8940	8905	35
575	2016.01.26	8840	155	8880	8880	8815	1016
576	2016.01.25	8995	110	8975	8995	8975	16
577	2016.01.22	8885	55	8860	8885	8855	1004
578	2016.01.21	8830	50	8885	8885	8830	111
579	2016.01.20	8780	165	8890	8890	8780	5136
580	2016.01.19	8945	60	8945	8945	8945	0
581	2016.01.18	8885	200	8885	8885	8885	1
582	2016.01.15	9085	85	9085	9085	9085	1
583	2016.01.14	9000	185	8965	9000	8965	3
584	2016.01.13	9185	205	9130	9185	9125	406746
585	2016.01.12	8980	125	9080	9080	8980	107
586	2016.01.11	9105	185	8980	9105	8980	345
587	2016.01.08	9290	30	9285	9305	9285	310
588	2016.01.07	9320	155	9475	9475	9320	510
589	2016.01.06	9475	105	9575	9575	9475	6
590	2016.01.05	9580	10	9580	9580	9580	100
591	2016.01.04	9590	215	9735	9735	9590	528
592	2015.12.30	9805	100	9800	9825	9800	1052
593	2015.12.29	9705	0	9705	9705	9705	0
594	2015.12.28	9705	0	9705	9705	9705	3
595	2015.12.24	9705	95	9705	9705	9705	1
596	2015.12.23	9610	10	9610	9610	9610	0
597	2015.12.22	9600	75	9600	9600	9600	999
598	2015.12.21	9525	55	9525	9525	9525	2
599	2015.12.18	9580	180	9645	9645	9580	1069
600	2015.12.17	9760	85	9760	9765	9760	14
601	2015.12.16	9675	120	9675	9675	9675	2
602	2015.12.15	9555	0	9555	9555	9555	0
603	2015.12.14	9555	165	9550	9555	9550	904
604	2015.12.11	9720	0	9720	9720	9720	0
605	2015.12.10	9720	60	9720	9720	9720	100
606	2015.12.09	9780	50	9780	9785	9780	57
607	2015.12.08	9830	105	9800	9855	9800	138
608	2015.12.07	9725	25	9725	9725	9725	40002
609	2015.12.04	9750	130	9750	9760	9750	156
610	2015.12.03	9880	55	9880	9880	9855	220
611	2015.12.02	9935	85	9965	9965	9935	4
612	2015.12.01	9850	5	9850	9850	9850	90
613	2015.11.30	9855	45	9900	9900	9855	71
614	2015.11.27	9900	15	9885	9900	9865	1081
615	2015.11.26	9885	0	9915	9915	9885	22
616	2015.11.25	9885	0	9885	9885	9885	0
617	2015.11.24	9885	0	9885	9885	9885	21
618	2015.11.23	9885	65	9930	9930	9885	31
619	2015.11.20	9820	0	9820	9820	9820	0
620	2015.11.19	9820	130	9810	9845	9810	19
621	2015.11.18	9690	60	9660	9690	9660	3
622	2015.11.17	9750	235	9750	9750	9750	1
623	2015.11.16	9515	135	9530	9530	9490	21
624	2015.11.13	9650	160	9710	9710	9650	17
625	2015.11.12	9810	0	9810	9810	9810	0
626	2015.11.11	9810	10	9810	9810	9810	0
627	2015.11.10	9800	110	9800	9800	9800	1
628	2015.11.09	9910	15	9920	9920	9910	4
629	2015.11.06	9925	5	9925	9925	9925	3
630	2015.11.05	9930	25	9930	9930	9930	0
631	2015.11.04	9955	75	9915	9980	9915	33
632	2015.11.03	9880	105	9880	9880	9880	4
633	2015.11.02	9775	115	9795	9795	9775	4
634	2015.10.30	9890	80	9880	9890	9880	400
635	2015.10.29	9810	35	9810	9810	9810	0
636	2015.10.28	9775	30	9720	9775	9720	83
637	2015.10.27	9745	0	9745	9750	9745	29
638	2015.10.26	9745	35	9830	9830	9745	316
639	2015.10.23	9710	150	9710	9710	9710	0
640	2015.10.22	9560	30	9560	9560	9560	0
641	2015.10.21	9590	5	9590	9590	9540	1011
642	2015.10.20	9595	35	9520	9595	9520	9
643	2015.10.19	9630	140	9630	9630	9630	1
644	2015.10.16	9490	0	9490	9490	9490	50
645	2015.10.15	9490	0	9490	9490	9490	0
646	2015.10.14	9490	20	9490	9490	9450	27
647	2015.10.13	9510	10	9445	9510	9445	96
648	2015.10.12	9500	155	9560	9560	9500	2
649	2015.10.08	9345	0	9345	9345	9345	0
650	2015.10.07	9345	0	9345	9345	9345	0
651	2015.10.06	9345	160	9385	9385	9335	18
652	2015.10.05	9185	170	9130	9185	9130	102
653	2015.10.02	9015	0	9015	9015	9015	0
654	2015.10.01	9015	125	8960	9015	8960	26
655	2015.09.30	8890	155	8895	8895	8890	11
656	2015.09.25	9045	35	9045	9045	9045	1
657	2015.09.24	9080	0	9080	9080	9080	0
658	2015.09.23	9080	205	9170	9170	9005	51
659	2015.09.22	9285	15	9225	9285	9225	34
660	2015.09.21	9270	35	9270	9270	9270	80
661	2015.09.18	9305	180	9305	9305	9305	3
662	2015.09.17	9485	135	9480	9485	9480	14
663	2015.09.16	9350	50	9350	9785	9350	189
664	2015.09.15	9300	45	9300	9300	9300	21
665	2015.09.14	9345	130	9245	9345	9245	127
666	2015.09.11	9215	0	9215	9215	9215	0
667	2015.09.10	9215	145	9215	9215	9215	3
668	2015.09.09	9360	170	9360	9360	9360	50
669	2015.09.08	9190	0	9190	9190	9190	0
670	2015.09.07	9190	0	9190	9190	9190	0
671	2015.09.04	9190	0	9190	9190	9190	0
672	2015.09.03	9190	120	9260	9260	9190	152
673	2015.09.02	9070	0	9070	9070	9070	0
674	2015.09.01	9070	150	9090	9145	9060	70
675	2015.08.31	9220	80	9335	9335	9220	23
676	2015.08.28	9300	220	9320	9400	9300	1732
677	2015.08.27	9080	40	9110	9190	9080	230
678	2015.08.26	9040	60	8815	9045	8815	2293
679	2015.08.25	8980	150	9025	9090	8980	180
680	2015.08.24	9130	465	9320	9330	9130	219
681	2015.08.21	9595	280	9595	9595	9595	0
682	2015.08.20	9875	85	9875	9875	9875	105
683	2015.08.19	9960	45	9960	9960	9960	100
684	2015.08.18	10005	85	9990	10005	9965	539
685	2015.08.17	9920	10	9945	9945	9920	101
686	2015.08.13	9910	135	9910	9910	9910	110
687	2015.08.12	9775	115	9915	9915	9775	104
688	2015.08.11	9890	0	9995	9995	9890	195
689	2015.08.10	9890	10	9870	9890	9865	96
690	2015.08.07	9900	60	9895	9900	9895	103
691	2015.08.06	9960	45	9960	9960	9960	100
692	2015.08.05	9915	25	9915	9915	9915	102
693	2015.08.04	9940	20	9935	9940	9935	101
694	2015.08.03	9960	50	9985	9985	9925	110
695	2015.07.31	9910	10	9980	9980	9910	2
696	2015.07.30	9920	115	9985	9985	9920	101
697	2015.07.29	9805	25	9935	9935	9800	231
698	2015.07.28	9830	10	9830	9830	9830	100
699	2015.07.27	9840	145	9750	9840	9750	215
700	2015.07.24	9985	25	9990	9990	9965	139
701	2015.07.23	9960	0	9960	9960	9960	0
702	2015.07.22	9960	120	10025	10025	9895	356
703	2015.07.21	10080	30	10090	10090	10080	201
704	2015.07.20	10050	45	9945	10080	9945	114
705	2015.07.17	10005	5	10055	10625	10005	182
706	2015.07.16	10000	0	10025	10025	10000	102
707	2015.07.15	10000	35	10000	10000	10000	101
708	2015.07.14	9965	135	9965	9965	9965	2
709	2015.07.13	9830	35	9810	9840	9810	102
710	2015.07.10	9795	65	9795	9795	9795	18
711	2015.07.09	9730	70	9730	9730	9730	31
712	2015.07.08	9800	70	9840	9840	9800	496
713	2015.07.07	9730	140	9830	9835	9720	220
714	2015.07.06	9590	155	9700	9705	9590	111
715	2015.07.03	9745	55	9800	9840	9740	115
716	2015.07.02	9800	35	9805	9805	9800	106
717	2015.07.01	9765	30	9750	9765	9750	107
718	2015.06.30	9735	10	9735	9735	9675	362
719	2015.06.29	9725	200	9780	9780	9725	186
720	2015.06.26	9925	55	9930	9930	9925	121
721	2015.06.25	9980	10	9980	9980	9980	0
722	2015.06.24	9990	65	10040	10040	9990	706
723	2015.06.23	10055	55	10050	10055	9985	506
724	2015.06.22	10000	35	9995	10000	9995	304
725	2015.06.19	9965	75	10025	10025	9965	413
726	2015.06.18	9890	30	9910	9910	9890	260
727	2015.06.17	9920	85	9915	9920	9915	719
728	2015.06.16	9835	15	9840	9845	9835	676
729	2015.06.15	9850	100	9855	9860	9805	665
730	2015.06.12	9950	5	9960	9960	9945	603
731	2015.06.11	9945	145	9945	9950	9945	815
732	2015.06.10	9800	20	9820	9845	9800	718
733	2015.06.09	9820	60	9830	9835	9810	818
734	2015.06.08	9880	35	9880	9880	9865	604
735	2015.06.05	9915	60	9920	9920	9910	859
736	2015.06.04	9975	25	9940	9980	9940	1685
737	2015.06.03	9950	10	9910	9950	9910	2182
738	2015.06.02	9960	10	9920	9960	9920	111
739	2015.06.01	9950	50	9955	9955	9910	163
